Stock,Predicted_Close
AAPL,210.2369512390789
AVGO,190.0967059505167
CRM,267.5214748470537
CSCO,56.348227905914484
IBM,232.1602547256353
MSFT,392.07360638774617
NOW,954.6751551191086
NVDA,110.12665865946866
ORCL,139.49638600144752
PLTR,114.70726142262525
