Stock,Predicted_Close
AAPL,207.18164537333263
AVGO,186.67950593944428
CRM,264.21042892965056
CSCO,56.17780844982579
IBM,229.1656395244627
MSFT,386.9551996308763
NOW,943.5288299333494
NVDA,106.57663204536416
ORCL,137.16632753765714
PLTR,108.88854338569203
